Item,image_url
159016,https://raw.githubusercontent.com/PrinceKafeke/CityofCalgaryeCatalogue/main/images/item_159016.png
200413,https://raw.githubusercontent.com/PrinceKafeke/CityofCalgaryeCatalogue/main/images/item_200413.png
201766,https://raw.githubusercontent.com/PrinceKafeke/CityofCalgaryeCatalogue/main/images/item_201766.png
201752,
201691,
201692,
189228,
201658,
201659,
201565,
201531,
201532,
201533,
201534,
201535,
201481,
201482,
201450,
201184,
201185,
201186,
201187,
201188,
144987F,
144991F,
145005F,
145006F,
145007F,
145039F,
145051F,
145053F,
145054F,
145055F,
145056F,
145057F,
145124F,
153081F,
153465F,
153477F,
155262F,
155263F,
155264F,
155265F,
159750F,
159751F,
164028F,
164029F,
167135F,
180655F,
180656F,
195199F,
198136F,
200014F,
201095,
201096,
201097,
149547,
129129,
131034,
137639,
138451,
138569,
145769,
147086,
201081,
201082,
201083,
150675,
152555,
157222,
165482,
168329,
169843,
170923,
179255,
181549,
188625,
196739,
196786,
196787,
150503,
161988,
201014,
200602,
136831,
144950,
200442,
135203,
200366,
193795,
193801,
194826,
200300,
200301,
198525,
200131,
200132,
200133,
200134,
200042,
200045,
200046,
200047,
200048,
200087,
200088,
200089,
200090,
200021,
200022,
200023,
200025,
200029,
200011,
199997,
199915,
199910,
199911,
199912,
199913,
199895,
199698,
199673,
199674,
150527,
167993,
199455,
199456,
199457,
199458,
199459,
199460,
199461,
199462,
199463,
134679,
199258,
199259,
199260,
199261,
199262,
150724,
188580,
188582,
199198,
199199,
199200,
199201,
199202,
199168,
199077,
198930,
198800,
198798,
198745,
198746,
198747,
198748,
198749,
198750,
198751,
198752,
198753,
198754,
198755,
198756,
198757,
198758,
198759,
198760,
198761,
198762,
198763,
198764,
198765,
198766,
198767,
198768,
198769,
198770,
198771,
198772,
198773,
198774,
198775,
198776,
198777,
198778,
198779,
198780,
198781,
198782,
198783,
198784,
198785,
198786,
198787,
198788,
198407,
198266,
198244,
171876,
198136,
198137,
198129,
198110,
197842,
197956,
197957,
197958,
197940,
167764,
188583,
188584,
134840,
135215,
197803,
197743,
197740,
197741,
197657,
156103,
197571,
197521,
131920,
135416,
197304,
197246,
197209,
197210,
197175,
197156,
197157,
197158,
197159,
197160,
168500,
158545,
164669,
196991,
197054,
142733,
196737,
196738,
196740,
196741,
196743,
196744,
196745,
196746,
196747,
196748,
196749,
196750,
196751,
196752,
196753,
196754,
196755,
196756,
196757,
196758,
196759,
196760,
196761,
196762,
196763,
196764,
196765,
196766,
196767,
196768,
196769,
196770,
196771,
196782,
196783,
196700,
196702,
196703,
196704,
196705,
196706,
196707,
196708,
196709,
196710,
196711,
196712,
196713,
196714,
196715,
196716,
196717,
196718,
196719,
196720,
196721,
196722,
196723,
196724,
196725,
196726,
196727,
196728,
196729,
196730,
196731,
196732,
196733,
196697,
196648,
196649,
196650,
196651,
196652,
196653,
196654,
196655,
196529,
196530,
196531,
196532,
196525,
172026,
196500,
196501,
179821,
196346,
196345,
196334,
168824,
186407,
196092,
195199,
196023,
146870,
195991,
195992,
133967,
161467,
195886,
195847,
195848,
195849,
195850,
195834,
182763,
195793,
195780,
195781,
195782,
147524,
195767,
195768,
195769,
195770,
195771,
195772,
195773,
195774,
195775,
195776,
195690,
142940,
195520,
195521,
162119,
195388,
168617,
195201,
195200,
195182,
195184,
195185,
195186,
195187,
195188,
195189,
195190,
195180,
195083,
195085,
195086,
195087,
195088,
195089,
195091,
195092,
150581,
194974,
146887,
194892,
194893,
194894,
194895,
194896,
194897,
194898,
194899,
194890,
194863,
194864,
194865,
194866,
194867,
194868,
194869,
194870,
194871,
194872,
194873,
194874,
194875,
194876,
194877,
194878,
194879,
194880,
194881,
194882,
194573,
160401,
194731,
194729,
194689,
194659,
194616,
194576,
194539,
169004,
194459,
194442,
170046,
194406,
194309,
194282,
139316,
194280,
194119,
194120,
161454,
194158,
194135,
194138,
175527,
175528,
194117,
194057,
194058,
194048,
194039,
194040,
194041,
194042,
194043,
155781,
165258,
193966,
193967,
193936,
154896,
193679,
150547,
193720,
193680,
193681,
154652,
193636,
180777,
180778,
193627X,
193585,
167651,
193528,
157085,
157028,
149440,
149441,
149427,
151208,
193398,
193399,
193397,
168569,
163700,
193189,
193190,
159926,
193157,
193158,
193159,
193160,
193161,
193162,
193163,
193059,
193060,
193005,
192993,
130944,
192485,
191471,
191472,
191473,
149942,
149943,
149944,
149945,
149946,
149947,
149948,
149949,
191345,
191247,
191238,
191239,
191240,
191241,
191242,
191243,
191244,
143772,
191176,
191177,
191178,
191179,
191180,
191181,
191182,
191183,
191184,
191185,
191186,
191187,
191188,
191189,
191190,
191192,
191193,
191194,
191195,
191196,
191197,
158785,
190905,
143844,
190846,
190605,
190059,
189948,
189949,
188579,
154662,
189325,
152223,
152224,
152225,
147583,
155626,
189151,
161989,
161990,
181096,
181098,
189023,
189024,
189016,
174901,
188958,
188935,
188834,
188726,
188727,
188728,
188729,
188661,
188662,
188663,
188664,
188665,
188666,
188667,
188646,
188647,
188624,
188586,
188587,
188588,
150794,
150792,
159848,
188511,
178830,
178832,
188242,
188243,
188236,
188237,
188238,
188197,
188177,
145086,
160703,
188122,
188123,
188153,
135275,
135434,
161996,
188080,
160730,
160731,
155227,
147102,
187024,
147145,
186867,
186870,
186871,
157174,
174945,
174949,
186800,
186801,
186791,
186656,
186657,
186658,
186649,
186650,
186615,
137651,
137655,
147622,
168475,
134903,
164625,
186310,
120136,
155202,
160771,
156991,
159695,
186213,
186043,
186044,
186045,
186046,
135081,
135104,
186016,
185989,
185990,
185996,
185997,
172296,
134878,
135080,
154659,
185951,
137206,
185927,
185928,
185929,
185930,
185931,
185933,
185934,
144109,
150539,
185779,
185734,
185735,
185736,
178903,
178904,
120195,
170452,
170540,
185554,
185545,
185518,
185519,
185520,
185521,
185263,
184484,
170899,
145717,
152226,
179932,
158770,
184230,
184231,
184232,
184233,
135181,
183885,
147536,
176953,
176954,
176955,
176956,
176957,
176960,
176963,
176964,
176965,
176966,
176967,
176968,
176982,
176984,
176985,
176986,
176988,
176989,
177133,
177465,
177541,
177542,
177543,
177711,
180908,
181468,
183087,
156675,
135138,
164777,
182857,
182801,
182761,
182762,
173770,
182252,
182253,
182248,
182249,
182250,
182251,
182191,
182172,
182173,
182174,
182164,
177727,
126380,
146986,
147014,
181991,
126382,
145855,
150635,
145849,
132319,
138545,
144771,
181277,
181278,
181279,
181280,
181202,
181097,
179640,
179641,
179794,
180881,
180882,
180431,
180432,
180434,
180838,
180836,
180837,
132630,
150606,
180703,
180655,
180656,
180588,
180589,
180373,
179797,
179266,
179811,
179808,
158967,
179777,
179766,
179755,
146845,
175449,
175450,
175451,
175452,
175470,
175471,
175516,
175526,
175531,
175532,
175533,
175534,
175535,
175537,
175538,
179690,
142942,
179271,
179279,
179260,
179184,
179188,
179190,
179191,
179192,
179193,
179194,
179195,
179166,
179168,
179169,
179077,
179086,
179087,
179088,
179118,
120396,
178748,
174039,
154373,
178310,
178311,
145766,
147553,
132635,
178091,
178050,
178051,
178052,
178053,
178054,
178055,
178056,
178057,
178058,
178059,
178031,
178032,
154562,
177756,
177757,
177728,
177729,
177417,
177694,
177547,
177533,
177534,
177535,
177536,
177537,
177539,
177475,
177438,
177409,
176747,
177312,
177141,
177060,
134633,
147011,
171965,
176926,
176927,
176928,
176929,
176930,
176931,
176932,
147270,
176918,
176730,
176712,
149294,
176695,
176678,
176667,
176524,
176525X,
149253,
149254,
149255,
149295,
164783,
164784,
176426,
176364,
176319,
134634,
146193,
176129,
130964,
175965,
134621,
146924,
175835,
134675,
175829,
175830,
175831,
134635,
175645,
175538X,
175539X,
175540X,
175541X,
175543X,
175545X,
175546X,
175547X,
175548X,
175549X,
175550X,
150691,
175542,
154641,
175519,
175520,
175442,
175349,
175350,
175351,
134653,
134651,
134652,
134645,
173960,
173961,
146109,
175261,
175248,
175228,
134617,
166352,
134629,
134631,
134648,
150506,
160707,
162093,
162201,
164365,
164367,
164368,
165389,
168470,
169997,
175077,
146011,
175025,
174922,
174924,
174925,
174926,
174927,
174928,
174929,
174930,
174931,
174933,
174934,
174935,
174936,
174937,
174938,
174939,
174941,
174942,
174943,
174946,
174947,
174948,
174951,
174952,
174954,
174955,
174956,
174957,
174958,
174959,
174960,
174963,
174972,
174973,
174988,
134644,
129158,
174442,
145986,
145992,
145994,
146010,
146016,
146018,
146022,
146041,
146055,
146061,
146080,
146081,
146086,
146138,
146152,
146171,
146192,
146200,
146212,
146213,
146214,
146216,
146225,
146268,
146276,
146371,
146407,
146413,
146549,
146551,
146553,
146554,
146555,
146556,
146558,
146559,
146562,
146568,
146570,
146572,
146573,
146578,
146580,
146594,
146595,
146602,
147617,
150750,
150752,
150761,
150762,
153747,
156335,
156833,
157244,
157255,
158900,
159613,
174058,
174059,
174060,
174061,
129154,
145964,
145971,
145427,
145459,
145460,
145461,
145476,
145477,
145478,
145479,
145501,
145583,
150661,
135082,
173862,
173863,
174025,
174026,
174027,
174031,
174037,
174052,
174057,
134616,
134630,
134640,
129156,
134641,
134646,
134654,
134656,
134625,
146844,
173822,
134647,
147148,
173764,
134642,
173733,
134330,
147598,
134620,
173665,
173667,
173648,
173593,
150615,
157665,
173425,
173386,
150493,
155265,
173298,
173299,
173300,
171998,
164508,
173260,
173216,
173050,
173051,
173052,
173035,
173036,
173037,
172931,
172933,
172935,
172936,
172937,
172938,
172939,
172871,
172872,
172699,
132655,
132656,
172661,
162253,
162254,
172583,
172605,
172576,
144973,
172392,
149735,
149737,
149742,
149743,
149747,
149748,
149750,
149751,
149752,
149753,
149754,
149755,
149756,
172294,
172295,
172297,
141625,
172205,
172206,
172208,
172209,
172210,
172211,
172213,
172214,
172215,
172216,
172217,
126166,
141647,
172145,
172138,
172078,
172079,
172080,
168320,
171231,
145825,
163805,
171195,
171124,
139620,
170987,
170988,
170989,
170990,
170991,
170992,
170922,
170856,
162962,
162963,
162964,
162977,
162979,
162981,
162982,
164403,
162255,
137709,
170528,
146920,
160705,
170396,
170397,
170170,
155262,
155263,
155264,
146989,
169818,
169879,
169883,
169839,
169840,
169841,
169842,
169732,
162462,
168817,
168818,
168711,
168712,
168713,
168714,
168707,
168698,
168699,
147041,
168674,
166178,
168602,
168082,
154381,
150508,
168332,
168177,
168141,
168142,
168143,
168144,
143843,
147319,
167899,
141741,
138372,
139598,
141211,
141212,
141213,
141214,
141215,
141216,
141217,
141218,
141219,
141439,
141476,
141514,
141554,
142742,
150892,
150893,
151209,
151329,
151330,
158080,
129153,
167526,
167407,
167264,
167135,
164509,
137849,
134902,
134895,
134898,
134899,
166579,
147051,
164667,
165360,
161373,
161374,
161375,
165348,
147087,
165293,
132690,
134875,
137469,
151224,
155019,
165230,
132694,
165225,
138149,
138150,
138151,
138259,
138260,
138261,
138716,
138720,
138722,
138747,
139435,
139468,
139542,
139555,
139580,
139608,
139634,
139675,
141377,
142697,
142713,
145425,
145426,
145428,
145429,
145431,
145432,
145436,
145492,
145493,
145496,
145497,
145499,
145551,
145680,
147292,
147333,
147336,
147444,
150605,
150826,
151024,
151197,
151199,
151200,
151201,
151202,
151203,
151204,
151205,
151206,
151207,
151212,
151213,
151214,
151215,
151216,
151222,
151223,
151231,
151358,
151359,
151360,
151361,
151414,
151416,
151418,
151420,
151422,
151424,
151426,
151427,
151428,
151429,
151430,
151431,
151432,
151433,
151434,
151435,
151436,
151438,
151440,
151442,
151444,
151446,
151448,
151450,
151451,
151452,
151453,
151454,
151455,
151456,
151457,
151458,
151459,
151460,
151461,
151462,
151463,
151464,
151465,
151466,
151467,
151468,
154485,
154486,
154632,
154638,
154643,
155034,
155037,
155505,
155506,
156578,
157030,
157261,
158575,
158576,
159584,
159585,
159586,
159985,
160197,
160374,
160375,
160622,
160623,
160624,
160625,
161303,
161304,
161305,
161715,
161716,
161717,
161718,
161719,
161742,
161997,
162075,
162076,
162077,
162078,
162529,
162530,
163823,
163913,
163992,
164400,
164402,
164404,
164405,
164413,
164414,
164605,
164901,
164902,
164904,
164960,
165047,
125154,
130925,
130926,
130927,
130929,
130934,
130936,
130937,
130938,
130945,
131024,
132403,
132608,
132609,
132610,
132611,
132612,
132614,
132627,
132629,
132631,
132634,
132636,
132638,
132641,
132645,
132646,
132647,
132648,
132653,
132654,
132658,
132661,
132662,
132667,
132672,
132673,
132674,
132675,
132676,
132677,
132678,
132679,
132680,
132682,
132683,
132684,
132685,
132686,
132687,
132689,
132691,
132692,
132693,
132696,
132697,
132698,
132699,
132700,
132702,
132704,
132710,
132711,
132712,
132713,
132716,
132719,
132720,
132722,
132725,
132736,
132753,
132754,
132757,
132759,
132760,
134042,
134043,
134044,
134045,
134050,
134074,
134075,
134076,
134077,
134078,
134079,
134080,
134081,
134085,
134086,
134087,
134088,
134089,
134100,
134101,
134873,
134874,
134876,
134882,
134883,
134885,
134886,
134887,
134888,
134889,
134892,
134893,
134894,
134897,
134945,
134946,
135043,
135094,
135095,
135097,
135100,
135106,
135132,
135133,
135134,
135135,
135139,
135140,
135141,
135142,
135143,
135144,
135145,
135146,
135152,
135153,
135154,
135155,
135156,
135157,
135158,
135160,
135162,
135163,
135164,
135165,
135166,
135167,
135168,
135170,
135171,
135172,
135174,
135175,
135176,
135178,
135179,
135180,
135182,
135183,
135184,
135186,
135187,
135188,
135189,
135191,
135192,
135196,
135240,
135246,
135249,
135252,
135253,
135254,
135255,
135260,
135261,
135263,
135264,
135265,
135268,
135269,
135270,
135271,
135272,
135273,
135278,
135279,
135280,
135281,
135283,
135284,
135285,
135286,
135287,
135288,
135289,
135290,
135291,
135293,
135294,
135295,
135296,
135297,
135298,
135299,
135300,
135301,
135302,
135304,
135305,
135307,
135308,
135309,
135343,
135363,
135364,
135366,
135367,
135375,
135379,
135380,
135381,
135382,
135383,
135406,
135407,
135419,
135426,
135427,
135428,
135442,
135443,
135444,
135448,
135931,
135932,
135934,
135935,
135936,
135937,
135939,
136140,
136141,
136142,
136143,
136162,
136168,
136821,
136822,
136823,
136824,
136828,
136829,
136832,
136833,
136834,
136835,
136868,
136869,
137602,
135102,
135185,
137471,
137774,
163920,
149374,
149393,
164991,
164992,
164938,
164895,
164881,
164882,
164883,
164850,
164851,
164852,
164853,
164854,
164855,
164029,
164804,
161195,
161196,
164703,
164704,
164705,
164774,
164775,
164776,
164778,
164779,
164780,
163286,
164672,
149394,
135161,
151220,
164573,
164518,
164454,
164455,
164456,
164370,
164371,
164372,
164373,
164374,
164343,
164344,
164345,
164291,
164028,
164015,
142630,
163790,
163755,
160502,
160504,
163734,
163638,
163620,
162870,
120162,
162775,
162621,
162622,
162593,
162573,
162575,
162576,
162577,
162578,
131043,
162491,
162492,
162468,
162470,
157887,
162333,
162117,
162042,
146937,
146940,
161850,
161851,
161852,
161813,
161814,
161753,
161754,
161755,
161740,
159469,
161617,
161573,
146938,
146939,
161523,
150507,
150513,
161484,
161439,
161440,
161420,
161396,
161397,
161381,
161382,
161383,
161384,
146969,
146970,
161352,
161353,
161318,
161307,
161275,
161273,
155783,
161254,
161255,
150865,
161187,
161188,
161164,
161165,
161035,
161036,
147050,
160710,
160712,
137351,
160656,
160287,
156154,
160576,
160577,
156152,
150638,
160452,
160389,
141721,
141726,
141731,
160286,
160291,
160269,
154372,
160243,
144974,
149375,
160008,
160009,
160010,
159952,
159940,
159944,
159879,
159865,
159866,
159847,
138381,
150454,
153081,
153465,
159752,
159776,
159777,
159751,
159750,
145845,
159713,
147000,
159709,
159710,
159711,
159712,
137435,
137443,
137559,
146918,
152478,
153472,
153477,
159669,
159670,
159671,
159673,
159678,
159683,
159283,
159502,
137556,
159422,
159423,
159424,
159425,
159158,
149815,
149817,
149818,
149840,
159017,
159025,
159008,
147144,
149710,
158765,
158766,
158769,
145141,
145142,
158594,
158578,
158421,
158328,
158228,
158210,
158211,
149563,
158072,
138711,
145740,
157516,
157520,
157521,
157522,
157504,
157505,
157506,
157508,
157509,
157510,
157366,
157321,
157253,
103431,
157203,
157204,
157208,
157186,
157188,
157093,
157102,
157103,
147040,
147042,
153963,
156866,
147568,
156637,
156638,
156565,
156457,
145829,
156199,
156149,
156148,
155873,
155851,
147141,
155521,
155522,
155523,
155524,
155525,
155526,
155527,
155336,
155033,
154752,
154740,
154661,
149890,
149891,
154590,
154484,
146910,
150505,
154330,
154332,
153974,
153952,
147222,
120044,
120054,
120055,
120056,
120057,
120058,
120059,
120060,
120062,
120063,
120064,
120065,
120067,
120068,
120069,
120070,
120071,
120072,
120073,
120074,
120075,
120076,
120077,
120078,
120079,
120080,
120081,
120084,
120085,
120086,
120087,
120089,
120090,
120103,
120104,
120105,
120106,
120112,
120114,
120116,
120117,
120129,
120131,
120132,
120133,
120134,
120137,
120138,
120139,
120140,
120143,
120147,
120151,
120156,
120158,
120159,
120160,
120161,
120165,
120172,
120174,
120178,
120185,
120187,
120188,
120190,
120191,
120192,
120198,
120199,
120208,
120216,
120231,
120234,
120235,
120236,
120237,
120242,
120248,
120250,
120251,
120252,
120253,
120270,
120279,
120294,
120295,
120296,
120297,
120298,
120299,
120300,
120301,
120302,
120303,
120304,
120307,
120308,
120309,
120310,
120311,
120314,
120315,
120317,
120318,
120320,
120321,
120322,
120331,
120337,
120340,
120341,
120342,
120348,
120367,
120373,
120381,
120382,
120383,
120384,
120385,
120386,
120387,
120388,
120389,
120397,
120398,
120399,
120400,
120401,
120403,
120405,
120406,
120407,
120408,
120409,
120410,
120411,
120412,
120413,
120414,
120415,
120416,
120417,
120418,
120419,
120420,
120421,
126167,
126168,
129128,
129130,
129135,
129137,
129138,
129139,
129140,
129143,
129144,
129145,
129146,
129147,
129148,
129149,
129150,
129151,
129155,
129157,
129159,
129355,
130930,
130958,
130961,
130971,
130980,
130989,
131033,
131041,
131092,
131093,
131094,
131099,
131106,
131107,
131108,
131109,
131110,
131111,
131112,
131113,
131114,
131116,
131665,
132317,
132318,
132320,
132321,
132359,
132367,
132369,
132375,
132383,
132408,
132410,
132411,
132416,
132417,
132418,
132489,
132492,
132494,
132616,
132617,
132767,
132770,
133129,
134228,
134637,
134680,
135209,
135221,
135222,
135223,
135224,
136025,
136027,
136103,
136104,
136836,
136837,
136838,
137345,
137350,
137352,
137365,
137418,
137419,
137423,
137424,
137428,
137429,
137431,
137432,
137433,
137434,
137444,
137445,
137453,
137455,
137462,
137463,
137467,
137468,
137472,
137473,
137474,
137475,
137481,
137482,
137483,
137484,
137489,
137491,
137492,
137494,
137495,
137498,
137499,
137500,
137501,
137502,
137504,
137505,
137506,
137507,
137508,
137509,
137511,
137512,
137513,
137514,
137515,
137521,
137533,
137536,
137537,
137538,
137539,
137547,
137549,
137553,
137555,
137557,
137558,
137560,
137561,
137562,
137564,
137565,
137566,
137571,
137572,
137573,
137576,
137577,
137578,
137580,
137581,
137582,
137587,
137591,
137593,
137596,
137601,
137605,
137607,
137612,
137616,
137618,
137620,
137621,
137622,
137624,
137628,
137629,
137630,
137631,
137633,
137635,
137636,
137637,
137638,
137640,
137641,
137642,
137643,
137644,
137645,
137646,
137647,
137652,
137654,
137660,
137672,
137675,
137676,
137678,
137686,
137687,
137691,
137693,
137696,
137711,
137712,
137714,
137715,
137716,
137739,
137742,
137745,
137748,
137749,
137752,
137753,
137755,
137759,
137762,
137763,
137765,
137766,
137767,
137768,
137817,
137818,
137819,
137820,
137821,
137822,
137823,
137824,
137825,
137826,
137827,
137828,
137829,
137830,
137831,
137832,
137833,
137834,
137835,
137836,
137837,
137838,
137839,
137840,
137841,
137842,
137843,
137844,
137845,
137846,
137885,
137887,
137888,
137890,
137891,
137892,
137893,
137894,
137896,
137897,
137898,
137899,
137900,
137901,
137902,
137903,
137904,
137905,
137906,
137907,
137908,
137909,
137910,
137911,
137912,
137913,
137914,
137915,
137918,
137919,
137983,
137984,
137985,
137987,
137991,
137996,
137997,
138010,
138011,
138012,
138013,
138014,
138038,
138039,
138041,
138052,
138053,
138054,
138057,
138059,
138438,
138443,
138449,
138534,
138538,
138546,
138558,
138601,
138614,
138625,
138696,
138706,
138707,
138708,
139061,
139066,
139067,
139075,
139076,
139079,
139080,
139081,
139082,
139085,
139088,
139370,
139371,
139372,
139373,
139411,
139431,
139434,
139451,
139464,
139466,
139467,
139484,
139485,
139538,
139539,
139543,
139546,
139549,
139570,
139611,
139640,
139641,
139642,
139643,
139644,
139645,
139672,
139677,
139678,
139679,
139680,
139681,
140130,
140131,
140562,
140565,
140612,
140643,
140644,
140667,
140669,
140671,
140677,
140704,
140705,
140955,
141318,
141319,
141342,
141379,
141428,
141429,
141430,
141431,
141435,
141436,
141437,
141438,
141440,
141441,
141442,
141443,
141444,
141445,
141446,
141447,
141448,
141449,
141450,
141451,
141453,
141454,
141455,
141456,
141457,
141460,
141464,
141465,
141466,
141467,
141468,
141469,
141470,
141472,
141474,
141475,
141477,
141478,
141479,
141480,
141485,
141486,
141487,
141488,
141489,
141491,
141492,
141493,
141494,
141495,
141496,
141497,
141498,
141499,
141500,
141501,
141502,
141503,
141504,
141505,
141506,
141507,
141508,
141509,
141511,
141512,
141513,
141515,
141516,
141518,
141519,
141520,
141521,
141522,
141524,
141526,
141527,
141533,
141536,
141537,
141538,
141539,
141540,
141541,
141542,
141543,
141544,
141545,
141546,
141547,
141548,
141550,
141551,
141552,
141555,
141556,
141557,
141558,
141559,
141560,
141561,
141563,
141565,
141658,
141678,
141717,
141822,
142322,
142624,
142625,
142626,
142628,
142629,
142631,
142634,
142709,
142734,
142743,
142754,
142948,
142952,
142953,
142954,
142956,
142957,
142958,
143024,
143766,
143767,
143768,
143770,
143773,
143884,
143885,
143923,
143924,
143925,
143938,
143939,
143947,
143957,
143962,
143976,
144000,
144776,
144777,
144872,
144881,
144964,
144966,
144967,
144975,
144985,
144987,
144991,
144992,
144993,
144999,
145001,
145002,
145003,
145005,
145006,
145007,
145011,
145017,
145039,
145051,
145052,
145053,
145054,
145055,
145056,
145057,
145124,
145129,
145152,
145153,
145154,
145718,
145720,
145721,
145723,
145724,
145728,
145733,
145734,
145748,
145773,
145779,
145783,
145792,
145793,
145828,
145949,
145955,
145956,
145983,
145984,
146875,
146882,
146890,
146892,
146893,
146897,
146900,
146901,
146902,
146904,
146912,
146914,
146916,
146917,
146925,
146926,
146928,
146947,
146953,
146955,
146957,
146959,
146960,
146961,
146966,
146983,
146987,
146988,
146991,
146992,
146993,
146999,
147001,
147016,
147024,
147044,
147053,
147058,
147084,
147085,
147090,
147091,
147110,
147117,
147138,
147139,
147140,
147142,
147179,
147189,
147190,
147191,
147192,
147200,
147205,
147216,
147261,
147262,
147263,
147279,
147280,
147281,
147282,
147286,
147290,
147323,
147388,
147445,
147446,
147447,
147449,
147478,
147481,
147511,
147528,
147545,
147546,
147565,
147570,
147571,
147572,
147573,
147574,
147575,
147577,
147578,
147579,
147585,
147586,
147587,
147590,
147591,
147592,
147593,
147595,
147596,
147597,
147600,
147603,
147608,
147609,
147636,
147637,
147638,
147639,
147643,
147644,
147645,
147647,
147648,
147649,
149266,
149267,
149268,
149278,
149279,
149282,
149283,
149285,
149286,
149289,
149291,
149292,
149296,
149297,
149298,
149300,
149301,
149302,
149307,
149310,
149311,
149320,
149321,
149323,
149325,
149327,
149330,
149332,
149333,
149339,
149342,
149343,
149349,
149353,
149356,
149361,
149363,
149364,
149382,
149398,
149406,
149420,
149429,
149431,
149544,
149545,
149546,
149556,
149620,
149621,
149622,
149623,
149624,
149625,
149887,
149888,
149889,
149927,
149928,
149929,
149930,
149937,
150292,
150293,
150294,
150295,
150296,
150297,
150389,
150390,
150468,
150476,
150478,
150498,
150500,
150515,
150516,
150517,
150520,
150521,
150522,
150530,
150543,
150549,
150583,
150586,
150620,
150637,
150649,
150674,
150678,
150680,
150686,
150720,
150817,
150821,
150822,
150823,
151131,
151191,
151331,
151332,
151333,
151334,
151335,
151336,
151337,
151338,
151339,
151340,
151341,
151342,
151353,
151368,
151387,
151710,
151711,
152151,
152152,
152153,
152154,
152197,
152200,
152201,
152231,
152233,
152235,
152239,
152241,